University,"DBpedia URI",timeshighereducation,topuniversities,shanghairanking,leidenranking,urapcenter,shanghairanking
"Ecole Normale Superieure - Paris",http://dbpedia.org/resource/École_Normale_Supérieure,,,201-300,,475,
" École Polytechnique ",http://dbpedia.org/resource/École_Polytechnique,70,"41 ",201-300,207,372,
"Ecole Polytechnique Fédérale de Lausanne  ",http://dbpedia.org/resource/École_Polytechnique_Fédérale_de_Lausanne,,"19 ",,13,128,93
" Aalborg University ",http://dbpedia.org/resource/Aalborg_University,301-350,"334 ",,,,261
" Aalto University ",http://dbpedia.org/resource/Aalto_University,301-350,"196 ",,297,359,
" Aarhus University ",http://dbpedia.org/resource/Aarhus_University,138,"91 ",81,159,111,
" Aberystwyth University ",http://dbpedia.org/resource/Aberystwyth_University,301-350,"551-600 ",,,,
"Ain Shams University  ",http://dbpedia.org/resource/Ain_Shams_University,,"601-650 ",,,,
"American University in Cairo ",http://dbpedia.org/resource/American_University_in_Cairo,,"348 ",,,,
"American University of Beirut (AUB) ",http://dbpedia.org/resource/American_University_of_Beirut,,"250 ",,,,
"American University of Sharjah (AUS) ",http://dbpedia.org/resource/American_University_of_Sharjah,,"431-440 ",,,,
"Amirkabir University of Technology",http://dbpedia.org/resource/Amirkabir_University_of_Technology,,,,357,,
"Ankara University",http://dbpedia.org/resource/Ankara_University,,,,500,,
"Aristotle University of Thessaloniki",http://dbpedia.org/resource/Aristotle_University_of_Thessaloniki,,"471-480 ",301-400,412,273,235
" Arizona State University ",http://dbpedia.org/resource/Arizona_State_University,146,"293 ",79,106,169,52
"Aston University ",http://dbpedia.org/resource/Aston_University,,"399 ",,,,
"Ateneo de Manila University ",http://dbpedia.org/resource/Ateneo_de_Manila_University,,"501-550 ",,,,
"Auburn University",http://dbpedia.org/resource/Auburn_University,,,401-500,414,,285
"Auckland University of Technology  ",http://dbpedia.org/resource/Auckland_University_of_Technology,,"471-480 ",,,,
" Australian National University ",http://dbpedia.org/resource/Australian_National_University,48,"27 ",66,127,145,101
"Autonomous University of Barcelona",http://dbpedia.org/resource/Autonomous_University_of_Barcelona,226-250,,201-300,333,,154
"Autonomous University of Madrid",http://dbpedia.org/resource/Autonomous_University_of_Madrid,301-350,"195 ",201-300,356,208,383
"Banaras Hindu University",http://dbpedia.org/resource/Banaras_Hindu_University,,,,452,,
" Bangor University ",http://dbpedia.org/resource/Bangor_University,301-350,"471-480 ",,,,
"Bar-Ilan University",http://dbpedia.org/resource/Bar-Ilan_University,,,301-400,373,485,
"Baylor College of Medicine",http://dbpedia.org/resource/Baylor_College_of_Medicine,,,101-150,62,,
"Baylor University",http://dbpedia.org/resource/Baylor_University,,,,,,403
"Beijing Normal University",http://dbpedia.org/resource/Beijing_Normal_University,,"252 ",301-400,372,342,273
"Belarus State University ",http://dbpedia.org/resource/Belarusian_State_University,,"551-600 ",,,,
"Ben-Gurion University of the Negev",http://dbpedia.org/resource/Ben-Gurion_University_of_the_Negev,,"331 ",301-400,456,322,
"Technical University of Berlin",http://dbpedia.org/resource/Berlin_Institute_of_Technology,,"183 ",201-300,266,384,212
"University of Bielefeld",http://dbpedia.org/resource/Bielefeld_University,,"431-440 ",401-500,,,314
" Bilkent University ",http://dbpedia.org/resource/Bilkent_University,226-250,"431-440 ",,,,
" Birkbeck, University of London ","http://dbpedia.org/resource/Birkbeck,_University_of_London",201-225,"374 ",,,,
"Bogazici University ",http://dbpedia.org/resource/Boğaziçi_University,,"461-470 ",,,,
"Bond University ",http://dbpedia.org/resource/Bond_University,,"421-430 ",,,,
" Boston University ",http://dbpedia.org/resource/Boston_University,50,"79 ",75,37,58,83
" Brandeis University ",http://dbpedia.org/resource/Brandeis_University,164,"324 ",201-300,,,
"Brigham Young University",http://dbpedia.org/resource/Brigham_Young_University,,,301-400,,,160
" Brown University ",http://dbpedia.org/resource/Brown_University,52,"47 ",67,74,141,128
" Brunel University London ",http://dbpedia.org/resource/Brunel_University,251-275,"360 ",,,,
"Budapest University of Technology and Economics / Budapesti Műszaki és Gazdaságtudományi Egyetem BME",http://dbpedia.org/resource/Budapest_University_of_Technology_and_Economics,,,,,,418
"Cairo University",http://dbpedia.org/resource/Cairo_University,,"551-600 ",401-500,489,434,358
" California Institute of Technology (Caltech) ",http://dbpedia.org/resource/California_Institute_of_Technology,1,"10 ",6,8,49,32
"Cardiff University",http://dbpedia.org/resource/Cardiff_University,201-225,"136 ",151-200,246,150,394
"Carleton University",http://dbpedia.org/resource/Carleton_University,276-300,"501-550 ",401-500,,,412
" Carnegie Mellon University ",http://dbpedia.org/resource/Carnegie_Mellon_University,24,"57 ",52,21,234,43
" Case Western Reserve University ",http://dbpedia.org/resource/Case_Western_Reserve_University,88,"175 ",99,101,135,301
"Catholic University of Leuven",http://dbpedia.org/resource/Catholic_University_of_Leuven,,,101-150,,87,66
"Universidad Central de Venezuela - UCV ",http://dbpedia.org/resource/Central_University_of_Venezuela,,"551-600 ",,,,
"Chalmers University of Technology",http://dbpedia.org/resource/Chalmers_University_of_Technology,276-300,"202 ",301-400,209,387,291
" Charles Darwin University ",http://dbpedia.org/resource/Charles_Darwin_University,351-400,"471-480 ",,,,
"Charles University in Prague",http://dbpedia.org/resource/Charles_University_in_Prague,351-400,"233 ",201-300,485,151,100
"Chiang Mai University ",http://dbpedia.org/resource/Chiang_Mai_University,,"551-600 ",,,,
"Chiba University ",http://dbpedia.org/resource/Chiba_University,,"441-450 ",,453,386,
" Chinese University of Hong Kong ",http://dbpedia.org/resource/Chinese_University_of_Hong_Kong,109,"39 ",151-200,221,176,183
"Chulalongkorn University ",http://dbpedia.org/resource/Chulalongkorn_University,,"239 ",,430,439,433
"Chung-Ang University  ",http://dbpedia.org/resource/Chung-Ang_University,,"501-550 ",,,,
"City University London ",http://dbpedia.org/resource/City_University_London,,"347 ",,,,
"City University of Hong Kong",http://dbpedia.org/resource/City_University_of_Hong_Kong,201-225,"104 ",301-400,117,285,371
"City University of New York City College",http://dbpedia.org/resource/City_University_of_New_York,,"501-550 ",301-400,,,
" Universit&eacute; Claude Bernard Lyon 1 ",http://dbpedia.org/resource/Claude_Bernard,301-350,,,,,
"Clemson University",http://dbpedia.org/resource/Clemson_University,,,301-400,326,471,265
" Pohang University of Science and Technology (Postech) ",http://dbpedia.org/resource/Cochin_University_of_Science_and_Technology,60,"107 ",301-400,95,294,
" Colorado School of Mines ",http://dbpedia.org/resource/Colorado_School_of_Mines,139,,,,,
"Colorado State University",http://dbpedia.org/resource/Colorado_State_University,276-300,"394 ",151-200,140,253,85
"Complutense University of Madrid",http://dbpedia.org/resource/Complutense_University_of_Madrid,,,201-300,406,192,102
"Concordia University Montréal",http://dbpedia.org/resource/Concordia_University,,,,,,279
" Cornell University ",http://dbpedia.org/resource/Cornell_University,19,"15 ",13,32,21,4
" Creighton University ",http://dbpedia.org/resource/Creighton_University,276-300,,,,,
"Curtin University ",http://dbpedia.org/resource/Curtin_University,,"284 ",,,461,435
"Czech Technical University In Prague ",http://dbpedia.org/resource/Czech_Technical_University_in_Prague,,"451-460 ",,,,
"Dalhousie University",http://dbpedia.org/resource/Dalhousie_University,251-275,"244 ",201-300,303,288,299
" Dartmouth College ",http://dbpedia.org/resource/Dartmouth_College,126,"119 ",151-200,43,333,223
" Deakin University ",http://dbpedia.org/resource/Deakin_University,301-350,"380 ",,,499,204
" Delft University of Technology ",http://dbpedia.org/resource/Delft_University_of_Technology,69,"95 ",201-300,164,207,94
"De La Salle University ",http://dbpedia.org/resource/De_La_Salle_University,,"601-650 ",,,,
"Dongguk University  ",http://dbpedia.org/resource/Dongguk_University,,"601-650 ",,,,
"Dresden University of Technology",http://dbpedia.org/resource/Dresden_University_of_Technology,,"262 ",201-300,236,174,137
"Drexel University",http://dbpedia.org/resource/Drexel_University,301-350,"481-490 ",401-500,241,402,246
"Dublin City University ",http://dbpedia.org/resource/Dublin_City_University,,"349 ",,,,
"Dublin Institute of Technology ",http://dbpedia.org/resource/Dublin_Institute_of_Technology,,"501-550 ",,,,
" Duke University ",http://dbpedia.org/resource/Duke_University,17,"23 ",31,29,20,30
" Durham University ",http://dbpedia.org/resource/Durham_University,80,"90 ",201-300,63,235,270
"Eötvös Loránd University    ",http://dbpedia.org/resource/Eötvös_Loránd_University,,"551-600 ",,,,
" Eindhoven University of Technology ",http://dbpedia.org/resource/Eindhoven_University_of_Technology,106,"157 ",301-400,94,298,162
" Emory University ",http://dbpedia.org/resource/Emory_University,80,"141 ",101-150,46,60,111
" Erasmus University Rotterdam ",http://dbpedia.org/resource/Erasmus_University_Rotterdam,73,"92 ",151-200,96,82,
" ETH Z&uuml;rich – Swiss Federal Institute of Technology Z&uuml;rich ",http://dbpedia.org/resource/ETH_Zurich,14,"12 ",20,26,48,28
"Ewha Womans University ",http://dbpedia.org/resource/Ewha_Womans_University,,"362 ",,321,,
"Federal University of Rio de Janeiro",http://dbpedia.org/resource/Federal_University_of_Rio_de_Janeiro,,"284 ",301-400,478,246,251
"Flinders University",http://dbpedia.org/resource/Flinders_University,,"431-440 ",301-400,410,,
" Florida Institute of Technology ",http://dbpedia.org/resource/Florida_Institute_of_Technology,197,,,,,
"Florida International University",http://dbpedia.org/resource/Florida_International_University,,,,,,275
"Florida State University",http://dbpedia.org/resource/Florida_State_University,,"421-430 ",151-200,154,240,107
"Freie Universität Berlin ",http://dbpedia.org/resource/Free_University_of_Berlin,,"109 ",,167,265,113
"Free University of Brussels VUB",http://dbpedia.org/resource/Free_University_of_Brussels,,,,,377,
"Fudan University ",http://dbpedia.org/resource/Fudan_University,201-225,"88 ",151-200,219,,
"Universitas Gadjah Mada ",http://dbpedia.org/resource/Gadjah_Mada_University,,"501-550 ",,,,414
"Gazi University",http://dbpedia.org/resource/Gazi_University,,,,486,,
" Georgetown University ",http://dbpedia.org/resource/Georgetown_University,160,"189 ",301-400,155,347,194
"George Mason University",http://dbpedia.org/resource/George_Mason_University,351-400,"601-650 ",151-200,272,477,167
" George Washington University ",http://dbpedia.org/resource/George_Washington_University,194,"327 ",201-300,283,338,218
" Georgia Institute of Technology (Georgia Tech) ",http://dbpedia.org/resource/Georgia_Institute_of_Technology,28,"99 ",101-150,34,125,47
"Georgia State University",http://dbpedia.org/resource/Georgia_State_University,,,,,,314
" Ghent University ",http://dbpedia.org/resource/Ghent_University,85,"122 ",85,188,71,
"Goethe University Frankfurt",http://dbpedia.org/resource/Goethe_University_Frankfurt,,,,126,,
"Goldsmiths, University of London ","http://dbpedia.org/resource/Goldsmiths,_University_of_London",,"461-470 ",,,,
"Griffith University",http://dbpedia.org/resource/Griffith_University,,"341 ",301-400,383,,
"Hacettepe University  ",http://dbpedia.org/resource/Hacettepe_University,,"601-650 ",,490,458,
"Hanyang University",http://dbpedia.org/resource/Hanyang_University,351-400,"249 ",301-400,399,238,293
" Harvard University ",http://dbpedia.org/resource/Harvard_University,2,"2 ",1,5,1,1
" Hebrew University of Jerusalem ",http://dbpedia.org/resource/Hebrew_University_of_Jerusalem,191,"141 ",59,247,201,181
"Ruprecht-Karls-Universität Heidelberg ",http://dbpedia.org/resource/Heidelberg_University,,"50 ",,162,,
" Heriot-Watt University ",http://dbpedia.org/resource/Heriot-Watt_University,301-350,"369 ",,,,
"Hiroshima University",http://dbpedia.org/resource/Hiroshima_University,,"307 ",301-400,459,274,375
"Hokkaido University",http://dbpedia.org/resource/Hokkaido_University,301-350,"144 ",101-150,461,156,288
" Hong Kong Baptist University ",http://dbpedia.org/resource/Hong_Kong_Baptist_University,301-350,"288 ",,,,
"The Hong Kong Polytechnic University",http://dbpedia.org/resource/Hong_Kong_Polytechnic_University,251-275,"161 ",301-400,199,276,217
" Hong Kong University of Science and Technology ",http://dbpedia.org/resource/Hong_Kong_University_of_Science_and_Technology,57,"34 ",201-300,80,361,324
"Howard University ",http://dbpedia.org/resource/Howard_University,,"601-650 ",,,,
"Huazhong University of Science and Technology",http://dbpedia.org/resource/Huazhong_University_of_Science_and_Technology,,"501-550 ",301-400,388,173,262
"Humboldt-Universität zu Berlin ",http://dbpedia.org/resource/Humboldt_University_of_Berlin,,"126 ",,169,257,106
"Illinois Institute of Technology ",http://dbpedia.org/resource/Illinois_Institute_of_Technology,,"441-450 ",,,,436
" Imperial College London ",http://dbpedia.org/resource/Imperial_College_London,10,"5 ",,41,16,237
"Indiana University Bloomington",http://dbpedia.org/resource/Indiana_University_Bloomington,,"240 ",85,69,,
"Indian Institute of Technology Kharagpur (IITKGP) ",http://dbpedia.org/resource/Indian_Institutes_of_Technology,,"346 ",,424,,
"Indian Institute of Science",http://dbpedia.org/resource/Indian_Institute_of_Science,,,301-400,386,,
"Indian Institute of Technology Bombay (IITB) ",http://dbpedia.org/resource/Indian_Institute_of_Technology_Bombay,,"233 ",,,,
" Indian Institute of Technology, Kanpur ",http://dbpedia.org/resource/Indian_Institute_of_Technology_Kanpur,351-400,"295 ",,,,
"Indian Institute of Technology Madras (IITM) ",http://dbpedia.org/resource/Indian_Institute_of_Technology_Madras,,"313 ",,365,,
"International Islamic University Malaysia (IIUM) ",http://dbpedia.org/resource/International_Islamic_University_Malaysia,,"501-550 ",,,,
" Iowa State University ",http://dbpedia.org/resource/Iowa_State_University,183,"321 ",151-200,160,165,74
" Istanbul Technical University ",http://dbpedia.org/resource/Istanbul_Technical_University,201-225,"551-600 ",,,,
"Istanbul University",http://dbpedia.org/resource/Istanbul_University,,,401-500,496,417,190
"Jagiellonian University",http://dbpedia.org/resource/Jagiellonian_University,,"376 ",301-400,479,296,299
"James Cook University",http://dbpedia.org/resource/James_Cook_University,,"351 ",301-400,,460,
"Jilin University",http://dbpedia.org/resource/Jilin_University,,"601-650 ",301-400,273,172,166
"Johannes Gutenberg Universität Mainz ",http://dbpedia.org/resource/Johannes_Gutenberg,,"297 ",,173,167,270
" Johns Hopkins University ",http://dbpedia.org/resource/Johns_Hopkins_University,15,"16 ",17,36,2,25
"Kansas State University",http://dbpedia.org/resource/Kansas_State_University,301-350,"471-480 ",301-400,300,389,267
" Karlsruhe Institute of Technology ",http://dbpedia.org/resource/Karlsruhe_Institute_of_Technology,154,"116 ",201-300,183,247,144
" Karolinska Institute ",http://dbpedia.org/resource/Karolinska_Institutet,36,,44,174,38,160
"Kasetsart University",http://dbpedia.org/resource/Kasetsart_University,,,,,,340
" KU Leuven ",http://dbpedia.org/resource/Katholieke_Universiteit_Leuven,61,"77 ",,116,,
" Keele University ",http://dbpedia.org/resource/Keele_University,301-350,"501-550 ",,,,
"Keio University",http://dbpedia.org/resource/Keio_University,,"193 ",301-400,445,268,
"Kent State University",http://dbpedia.org/resource/Kent_State_University,,,401-500,,,
"Kingston University, London ",http://dbpedia.org/resource/Kingston_University,,"471-480 ",,,,
"King Saud University",http://dbpedia.org/resource/King_Saud_University,351-400,"253 ",151-200,443,254,356
"Kobe University",http://dbpedia.org/resource/Kobe_University,,"304 ",201-300,444,326,481
"Korea University",http://dbpedia.org/resource/Korea_University,201-225,"145 ",301-400,398,154,
" Kyoto University ",http://dbpedia.org/resource/Kyoto_University,52,"35 ",26,348,26,88
"Kyung Hee University",http://dbpedia.org/resource/Kyung_Hee_University,,"255 ",401-500,436,281,451
"Kyushu University",http://dbpedia.org/resource/Kyushu_University,301-350,"133 ",151-200,451,157,351
" Lancaster University ",http://dbpedia.org/resource/Lancaster_University,137,"156 ",301-400,130,392,
"La Trobe University",http://dbpedia.org/resource/La_Trobe_University,,"390 ",401-500,,,475
"Lehigh University",http://dbpedia.org/resource/Lehigh_University,301-350,"551-600 ",401-500,,,
" Leiden University ",http://dbpedia.org/resource/Leiden_University,67,"74 ",74,58,72,
"Linkoping University",http://dbpedia.org/resource/Linköping_University,,"331 ",301-400,325,318,
" Liverpool John Moores University ",http://dbpedia.org/resource/Liverpool_John_Moores_University,351-400,,,,,
" London School of Economics and Political Science (LSE) ",http://dbpedia.org/resource/London_School_of_Economics,32,"68 ",101-150,,,233
"London School of Hygiene and Tropical Medicine",http://dbpedia.org/resource/London_School_of_Hygiene_&_Tropical_Medicine,,,401-500,33,,
" Loughborough University ",http://dbpedia.org/resource/Loughborough_University,351-400,"244 ",,352,,255
"Louisiana State University - Baton Rouge",http://dbpedia.org/resource/Louisiana_State_University,,"501-550 ",201-300,362,286,220
"Loyola University Chicago ",http://dbpedia.org/resource/Loyola_University_Chicago,,"601-650 ",,,,397
"Ludwig-Maximilians-Universität München ",http://dbpedia.org/resource/Ludwig_Maximilian_University_of_Munich,,"65 ",61,110,46,62
" Lund University ",http://dbpedia.org/resource/Lund_University,123,"67 ",101-150,263,69,
" Maastricht University ",http://dbpedia.org/resource/Maastricht_University,98,"121 ",,123,,
"Macquarie University",http://dbpedia.org/resource/Macquarie_University,276-300,"263 ",201-300,227,407,
"Mahidol University ",http://dbpedia.org/resource/Mahidol_University,,"283 ",,472,368,273
"Masaryk University ",http://dbpedia.org/resource/Masaryk_University,,"551-600 ",,,,
" Massachusetts Institute of Technology (MIT) ",http://dbpedia.org/resource/Massachusetts_Institute_of_Technology,5,"1 ",4,1,14,2
"Massey University",http://dbpedia.org/resource/Massey_University,,"343 ",401-500,339,,328
" McGill University ",http://dbpedia.org/resource/McGill_University,35,"21 ",58,131,27,77
" McMaster University ",http://dbpedia.org/resource/McMaster_University,92,"140 ",92,210,104,81
"Medical College of Wisconsin",http://dbpedia.org/resource/Medical_College_of_Wisconsin,,,401-500,304,349,457
"Medical University of South Carolina",http://dbpedia.org/resource/Medical_University_of_South_Carolina,,,301-400,211,321,
"Memorial University of Newfoundland ",http://dbpedia.org/resource/Memorial_University_of_Newfoundland,,"601-650 ",,,,476
" Michigan State University ",http://dbpedia.org/resource/Michigan_State_University,83,"171 ",92,143,99,23
"Michigan Technological University ",http://dbpedia.org/resource/Michigan_Technological_University,,"551-600 ",,,,388
" Middle East Technical University ",http://dbpedia.org/resource/Middle_East_Technical_University,201-225,"431-440 ",,418,474,484
"Missouri University of Science and Technology ",http://dbpedia.org/resource/Missouri_University_of_Science_and_Technology,,"601-650 ",,,,
" Monash University ",http://dbpedia.org/resource/Monash_University,91,"69 ",101-150,178,81,114
"Montana State University",http://dbpedia.org/resource/Montana_State_University_–_Bozeman,,,,,,355
"Moscow Institute of Physics and Technology State University ",http://dbpedia.org/resource/Moscow_Institute_of_Physics_and_Technology,,"441-450 ",,,,
"Moscow State Institute of International Relations (MGIMO-University) ",http://dbpedia.org/resource/Moscow_State_Institute_of_International_Relations,,"386 ",,,,
"Moscow State University",http://dbpedia.org/resource/Moscow_State_University,226-250,"120 ",79,468,140,
"Mount Sinai School of Medicine",http://dbpedia.org/resource/Mount_Sinai_School_of_Medicine,,,151-200,,,
" Murdoch University ",http://dbpedia.org/resource/Murdoch_University,301-350,"551-600 ",,,,
"Nagoya University ",http://dbpedia.org/resource/Nagoya_University,201-225,"99 ",101-150,382,118,233
"Nanjing University",http://dbpedia.org/resource/Nanjing_University,251-275,"175 ",201-300,252,121,269
"Nankai University",http://dbpedia.org/resource/Nankai_University,,"363 ",401-500,53,263,458
" Nanyang Technological University ",http://dbpedia.org/resource/Nanyang_Technological_University,76,"41 ",201-300,75,98,283
"National and Kapodistrian University of Athens",http://dbpedia.org/resource/National_and_Kapodistrian_University_of_Athens,,"501-550 ",301-400,446,170,333
"National Autonomous University of Mexico",http://dbpedia.org/resource/National_Autonomous_University_of_Mexico,,,151-200,487,,
"National Central University",http://dbpedia.org/resource/National_Central_University,351-400,"401-410 ",401-500,441,399,143
"National Chengchi University ",http://dbpedia.org/resource/National_Chengchi_University,,"601-650 ",,,,321
"National Cheng Kung University",http://dbpedia.org/resource/National_Cheng_Kung_University,301-350,"247 ",301-400,417,204,176
"National Chiao Tung University",http://dbpedia.org/resource/National_Chiao_Tung_University,251-275,"230 ",301-400,307,303,157
"Instituto Politécnico Nacional (IPN) ",http://dbpedia.org/resource/National_Polytechnic_Institute,,"551-600 ",,,500,
"National Taiwan Normal University ",http://dbpedia.org/resource/National_Taiwan_Normal_University,,"481-490 ",,,,403
" National Taiwan University ",http://dbpedia.org/resource/National_Taiwan_University,351-400,"82 ",101-150,377,63,35
"National Technical University of Athens ",http://dbpedia.org/resource/National_Technical_University_of_Athens,,"501-550 ",,393,,317
"National Tsing Hua University",http://dbpedia.org/resource/National_Tsing_Hua_University,251-275,"199 ",201-300,349,292,226
"National Sun Yat Sen University",http://dbpedia.org/resource/National_university,,,,,,323
"Universidad Nacional de Córdoba ",http://dbpedia.org/resource/National_University_of_Córdoba,,"501-550 ",,,,496
"Universidad Nacional de Colombia ",http://dbpedia.org/resource/National_University_of_Colombia,,"325 ",,,,399
" National University of Ireland, Galway ","http://dbpedia.org/resource/National_University_of_Ireland,_Galway",301-350,"284 ",,,,
" National University of Ireland, Maynooth ","http://dbpedia.org/resource/National_University_of_Ireland,_Maynooth",351-400,"551-600 ",,,,
"Universidad Nacional de La Plata ",http://dbpedia.org/resource/National_University_of_La_Plata,,"421-430 ",,493,,451
" National University of Singapore (NUS) ",http://dbpedia.org/resource/National_University_of_Singapore,26,"24 ",101-150,73,41,108
" Newcastle University ",http://dbpedia.org/resource/Newcastle_University,198,"129 ",201-300,133,,230
"New Jersey Institute of Technology (NJIT) ",http://dbpedia.org/resource/New_Jersey_Institute_of_Technology,,"551-600 ",,,,
" New York University (NYU) ",http://dbpedia.org/resource/New_York_University,40,"44 ",27,28,55,24
"Nihon University",http://dbpedia.org/resource/Nihon_University,,,,498,,
"Northeastern University China",http://dbpedia.org/resource/Northeastern_University,,,,,464,
"Northern Illinois University",http://dbpedia.org/resource/Northern_Illinois_University,,,,,,392
" Northwestern University ",http://dbpedia.org/resource/Northwestern_University,22,"29 ",30,17,28,57
"North Carolina State University - Raleigh",http://dbpedia.org/resource/North_Carolina_State_University,,"304 ",151-200,198,181,69
"Norwegian University of Science and Technology",http://dbpedia.org/resource/Norwegian_University_of_Science_and_Technology,251-275,"251 ",201-300,287,,
" Ohio State University ",http://dbpedia.org/resource/Ohio_State_University,59,"113 ",65,113,34,42
"Oklahoma State University  ",http://dbpedia.org/resource/Oklahoma_State_University–Stillwater,,"601-650 ",,363,463,319
" Old Dominion University ",http://dbpedia.org/resource/Old_Dominion_University,351-400,,,,,
"The Open University",http://dbpedia.org/resource/Open_University,,,401-500,,,112
"Oregon Health and Science University",http://dbpedia.org/resource/Oregon_Health_&_Science_University,,,151-200,66,177,441
"Oregon State University",http://dbpedia.org/resource/Oregon_State_University,301-350,"401-410 ",101-150,142,270,97
" Osaka University ",http://dbpedia.org/resource/Osaka_University,144,"55 ",85,387,54,243
"Oxford Brookes University ",http://dbpedia.org/resource/Oxford_Brookes_University,,"374 ",,,,
" Panjab University ","http://dbpedia.org/resource/Panjab_University,_Chandigarh",226-250,,,,,
"Université Paris-Sorbonne (Paris IV) ",http://dbpedia.org/resource/Paris-Sorbonne_University,,"216 ",,,,
" Peking University ",http://dbpedia.org/resource/Peking_University,45,"46 ",151-200,216,51,37
" Pennsylvania State University ",http://dbpedia.org/resource/Pennsylvania_State_University,49,"107 ",,112,50,13
" Universit&eacute; Pierre et Marie Curie ",http://dbpedia.org/resource/Pierre_and_Marie_Curie_University,96,,37,,,
" Polytechnic University of Milan ",http://dbpedia.org/resource/Politecnico_di_Milano,276-300,"230 ",,322,385,245
"Catholic University of Chile",http://dbpedia.org/resource/Pontifical_Catholic_University_of_Chile,,"166 ",401-500,437,371,
"Pontificia Universidad Católica del Perú ",http://dbpedia.org/resource/Pontificia_Universidad_Católica_del_Perú,,"551-600 ",,,,
"Portland State University",http://dbpedia.org/resource/Portland_State_University,,,,,,368
" Princeton University ",http://dbpedia.org/resource/Princeton_University,6,"10 ",7,4,86,27
" Purdue University ",http://dbpedia.org/resource/Purdue_University,62,"99 ",,,100,19
"Pusan National University",http://dbpedia.org/resource/Pusan_National_University,,"451-460 ",401-500,465,328,
" Queensland University of Technology ",http://dbpedia.org/resource/Queensland_University_of_Technology,276-300,"279 ",,311,452,335
" Queen Mary University of London ","http://dbpedia.org/resource/Queen_Mary,_University_of_London",114,"115 ",,97,336,394
" Radboud University Nijmegen ",http://dbpedia.org/resource/Radboud_University_Nijmegen,131,"143 ",101-150,114,84,268
" Renmin University of China ",http://dbpedia.org/resource/Renmin_University_of_China,226-250,"461-470 ",,,,345
" Rensselaer Polytechnic Institute ",http://dbpedia.org/resource/Rensselaer_Polytechnic_Institute,181,"353 ",201-300,,,226
"Rhodes University  ",http://dbpedia.org/resource/Rhodes_University,,"551-600 ",,,,
" Rice University ",http://dbpedia.org/resource/Rice_University,65,"136 ",92,6,252,132
"RMIT University ",http://dbpedia.org/resource/RMIT_University,,"291 ",,,,424
"Rochester Institute of Technology",http://dbpedia.org/resource/Rochester_Institute_of_Technology,,,,,,365
"Rockefeller University",http://dbpedia.org/resource/Rockefeller_University,,,34,,290,
" Royal Holloway, University of London ","http://dbpedia.org/resource/Royal_Holloway,_University_of_London",102,"265 ",,,,
" KTH Royal Institute of Technology ",http://dbpedia.org/resource/Royal_Institute_of_Technology,117,"118 ",201-300,267,251,196
"University of Bochum",http://dbpedia.org/resource/Ruhr_University_Bochum,,"366 ",301-400,327,,
" Rutgers, The State University of New Jersey ",http://dbpedia.org/resource/Rutgers_University,103,"551-600 ",61,,106,140
" RWTH Aachen University ",http://dbpedia.org/resource/RWTH_Aachen_University,129,"147 ",201-300,220,183,141
"Universität des Saarlandes ",http://dbpedia.org/resource/Saarland_University,,"421-430 ",,340,396,372
"Saint Louis University",http://dbpedia.org/resource/Saint_Louis_University,,,301-400,,,447
"Saint Petersburg State University",http://dbpedia.org/resource/Saint_Petersburg_State_University,,"240 ",301-400,491,,492
"San Diego State University",http://dbpedia.org/resource/San_Diego_State_University,351-400,,301-400,,,390
" Sapienza University of Rome ",http://dbpedia.org/resource/Sapienza_University_of_Rome,301-350,"196 ",,419,,
"SOAS - School of Oriental and African Studies, University of London  ",http://dbpedia.org/resource/School_of_Oriental_and_African_Studies,,"337 ",,,,
"Scuola Normale Superiore - Pisa",http://dbpedia.org/resource/Scuola_Normale_Superiore_di_Pisa,,,201-300,,,
" Seoul National University ",http://dbpedia.org/resource/Seoul_National_University,44,"35 ",101-150,371,36,34
"Shandong University",http://dbpedia.org/resource/Shandong_University,,,301-400,355,162,185
"Shanghai Jiao Tong University",http://dbpedia.org/resource/Shanghai_Jiao_Tong_University,301-350,"123 ",151-200,389,68,68
"Shanghai University ",http://dbpedia.org/resource/Shanghai_University,,"451-460 ",,345,456,310
" Sharif University of Technology ",http://dbpedia.org/resource/Sharif_University_of_Technology,251-275,"601-650 ",,370,462,
"Sichuan University",http://dbpedia.org/resource/Sichuan_University,,,301-400,438,164,276
"Simon Fraser University",http://dbpedia.org/resource/Simon_Fraser_University,226-250,"244 ",201-300,232,278,76
"Smith College ",http://dbpedia.org/resource/Smith_College,,"601-650 ",,,,
"Southeast University",http://dbpedia.org/resource/Southeast_University,,"501-550 ",401-500,238,295,360
"Southern Illinois University",http://dbpedia.org/resource/Southern_Illinois_University,,,,,,480
"Southern Methodist University",http://dbpedia.org/resource/Southern_Methodist_University,,,401-500,,,
" Stanford University ",http://dbpedia.org/resource/Stanford_University,4,"7 ",2,3,4,3
" Stellenbosch University ",http://dbpedia.org/resource/Stellenbosch_University,301-350,"387 ",,395,411,439
"Stockholm School of Economics",http://dbpedia.org/resource/Stockholm_School_of_Economics,,,401-500,,,
" Stockholm University ",http://dbpedia.org/resource/Stockholm_University,103,"170 ",82,141,186,
" Stony Brook University ",http://dbpedia.org/resource/Stony_Brook_University,178,"338 ",,,175,339
"Sungkyunkwan University",http://dbpedia.org/resource/Sungkyunkwan_University,201-225,"162 ",201-300,367,143,349
"Sun Yat-sen University",http://dbpedia.org/resource/Sun_Yat-sen_University,351-400,"384 ",201-300,299,132,
"Swansea University ",http://dbpedia.org/resource/Swansea_University,,"431-440 ",,,,
"Swinburne University of Technology",http://dbpedia.org/resource/Swinburne_University_of_Technology,351-400,"481-490 ",301-400,,,
"Syracuse University",http://dbpedia.org/resource/Syracuse_University,,"601-650 ",301-400,,,225
"Tampere University of Technology  ",http://dbpedia.org/resource/Tampere_University_of_Technology,,"431-440 ",,,,
" Technical University of Denmark ",http://dbpedia.org/resource/Technical_University_of_Denmark,117,"134 ",151-200,45,202,117
"Technical University of Lisbon",http://dbpedia.org/resource/Technical_University_of_Lisbon,,,401-500,368,436,
"Technical University of Madrid",http://dbpedia.org/resource/Technical_University_of_Madrid,,,,434,,
"Technion-Israel Institute of Technology",http://dbpedia.org/resource/Technion_–_Israel_Institute_of_Technology,201-225,"183 ",77,344,224,335
" Tel Aviv University ",http://dbpedia.org/resource/Tel_Aviv_University,199,"196 ",101-150,359,97,203
"Temple University",http://dbpedia.org/resource/Temple_University,351-400,"551-600 ",301-400,313,394,310
"Texas Tech University",http://dbpedia.org/resource/Texas_Tech_University,,,401-500,392,431,417
"Thammasat University ",http://dbpedia.org/resource/Thammasat_University,,"601-650 ",,,,
"College of William &amp; Mary ",http://dbpedia.org/resource/The_College_of_William_&_Mary,,"501-550 ",,,,352
"University of Western Ontario",http://dbpedia.org/resource/The_University_of_Western_Ontario,,,,329,158,211
"Thomas Jefferson University",http://dbpedia.org/resource/Thomas_Jefferson_University,,,201-300,197,325,
" Tilburg University ",http://dbpedia.org/resource/Tilburg_University,226-250,"373 ",,,,
" Tohoku University ",http://dbpedia.org/resource/Tohoku_University,150,"75 ",101-150,429,75,331
" Tokyo Institute of Technology ",http://dbpedia.org/resource/Tokyo_Institute_of_Technology,125,"66 ",101-150,358,160,381
" Tokyo Metropolitan University ",http://dbpedia.org/resource/Tokyo_Metropolitan_University,201-225,"501-550 ",,,,
"Tongji University",http://dbpedia.org/resource/Tongji_University,,"481-490 ",401-500,405,287,305
" Trinity College Dublin ","http://dbpedia.org/resource/Trinity_College,_Dublin",129,"61 ",201-300,48,,260
" Tsinghua University ",http://dbpedia.org/resource/Tsinghua_University,50,"48 ",151-200,158,64,
" Tufts University ",http://dbpedia.org/resource/Tufts_University,80,"204 ",101-150,57,185,126
"Tulane University",http://dbpedia.org/resource/Tulane_University,226-250,"387 ",301-400,214,412,257
"Umea University",http://dbpedia.org/resource/Umeå_University,,"289 ",201-300,323,264,296
"Universidad Iberoamericana (UIA) ",http://dbpedia.org/resource/Universidad_Iberoamericana,,"601-650 ",,,,
"Università Cattolica del Sacro Cuore",http://dbpedia.org/resource/Università_Cattolica_del_Sacro_Cuore,,,,447,,385
"Université Catholique de Louvain (UCL) ",http://dbpedia.org/resource/Université_catholique_de_Louvain,,"138 ",,151,188,407
" University of Montreal ",http://dbpedia.org/resource/Université_de_Montréal,106,"92 ",101-150,245,102,110
"University of Sherbrooke",http://dbpedia.org/resource/Université_de_Sherbrooke,,"441-450 ",401-500,,,496
"University of Quebec",http://dbpedia.org/resource/Université_du_Québec,,"411-420 ",401-500,,,283
" Laval University ",http://dbpedia.org/resource/Université_Laval,201-225,,,,226,134
"Universiti Putra Malaysia (UPM) ",http://dbpedia.org/resource/Universiti_Putra_Malaysia,,"411-420 ",,,479,
"Universiti Sains Malaysia (USM) ",http://dbpedia.org/resource/Universiti_Sains_Malaysia,,"355 ",,361,432,
"University at Albany SUNY ","http://dbpedia.org/resource/University_at_Albany,_SUNY",,"601-650 ",,,,
" University at Buffalo ","http://dbpedia.org/resource/University_at_Buffalo,_The_State_University_of_New_York",176,,,248,,
"University College Cork",http://dbpedia.org/resource/University_College_Cork,276-300,"210 ",301-400,181,447,471
" University College Dublin ",http://dbpedia.org/resource/University_College_Dublin,161,"139 ",301-400,281,,
" University College London (UCL) ",http://dbpedia.org/resource/University_College_London,21,"4 ",21,50,19,38
" University of Aberdeen ",http://dbpedia.org/resource/University_of_Aberdeen,188,"148 ",201-300,91,259,402
"The University of Adelaide",http://dbpedia.org/resource/University_of_Adelaide,201-225,"104 ",201-300,253,209,216
"The University of Alabama at Birmingham",http://dbpedia.org/resource/University_of_Alabama_at_Birmingham,,,201-300,172,122,420
"University of Alaska - Fairbanks",http://dbpedia.org/resource/University_of_Alaska_Fairbanks,276-300,,401-500,,,495
" University of Alberta ",http://dbpedia.org/resource/University_of_Alberta,109,"96 ",101-150,284,66,66
" University of Amsterdam ",http://dbpedia.org/resource/University_of_Amsterdam,83,"58 ",101-150,103,53,59
" University of Antwerp ",http://dbpedia.org/resource/University_of_Antwerp,164,"185 ",201-300,150,227,
" University of Arizona ",http://dbpedia.org/resource/University_of_Arizona,103,"212 ",78,137,77,44
"University of Arkansas at Fayetteville",http://dbpedia.org/resource/University_of_Arkansas,,,401-500,,,459
" University of Auckland ",http://dbpedia.org/resource/University_of_Auckland,164,"94 ",201-300,244,214,186
"University of Barcelona",http://dbpedia.org/resource/University_of_Barcelona,226-250,"178 ",201-300,259,94,131
" University of Bari Aldo Moro ",http://dbpedia.org/resource/University_of_Bari,351-400,,,421,360,
"University of Basel",http://dbpedia.org/resource/University_of_Basel,,"110 ",83,85,144,294
"University of Bath",http://dbpedia.org/resource/University_of_Bath,276-300,"187 ",301-400,190,413,407
"University of Belgrade",http://dbpedia.org/resource/University_of_Belgrade,,,301-400,484,237,
"University of Bergen",http://dbpedia.org/resource/University_of_Bergen,201-225,"151 ",201-300,331,212,142
" University of Bern ",http://dbpedia.org/resource/University_of_Bern,157,"154 ",151-200,177,119,215
" University of Birmingham ",http://dbpedia.org/resource/University_of_Birmingham,153,"62 ",101-150,270,109,
"University of Bologna",http://dbpedia.org/resource/University_of_Bologna,276-300,"188 ",201-300,335,105,
"University of Bonn",http://dbpedia.org/resource/University_of_Bonn,,"163 ",101-150,153,126,137
"University of Bordeaux",http://dbpedia.org/resource/University_of_Bordeaux,,"309 ",201-300,,,
"University of Bradford ",http://dbpedia.org/resource/University_of_Bradford,,"501-550 ",,,,
"University of Bremen",http://dbpedia.org/resource/University_of_Bremen,,"370 ",401-500,261,435,343
" University of Bristol ",http://dbpedia.org/resource/University_of_Bristol,79,"30 ",64,76,88,
" University of British Columbia ",http://dbpedia.org/resource/University_of_British_Columbia,31,"49 ",40,99,24,21
"University of Buenos Aires",http://dbpedia.org/resource/University_of_Buenos_Aires,,"209 ",151-200,477,260,325
"The University of Calgary",http://dbpedia.org/resource/University_of_Calgary,201-225,"201 ",201-300,292,127,105
" University of California, Berkeley ","http://dbpedia.org/resource/University_of_California,_Berkeley",8,"25 ",3,7,5,6
" University of California, Davis ","http://dbpedia.org/resource/University_of_California,_Davis",52,"85 ",47,82,32,50
" University of California, Irvine ","http://dbpedia.org/resource/University_of_California,_Irvine",93,"149 ",45,44,83,71
" University of California, Los Angeles (UCLA) ","http://dbpedia.org/resource/University_of_California,_Los_Angeles",12,"40 ",12,25,9,14
" University of California, Riverside ","http://dbpedia.org/resource/University_of_California,_Riverside",148,"268 ",101-150,35,222,144
" University of California, Santa Barbara ","http://dbpedia.org/resource/University_of_California,_Santa_Barbara",33,"130 ",35,2,110,87
" University of California, Santa Cruz ","http://dbpedia.org/resource/University_of_California,_Santa_Cruz",136,"307 ",101-150,11,197,130
" University of California, San Diego ","http://dbpedia.org/resource/University_of_California,_San_Diego",40,"63 ",14,15,12,31
"University of California, San Francisco","http://dbpedia.org/resource/University_of_California,_San_Francisco",,,18,9,15,72
"University of Canberra  ",http://dbpedia.org/resource/University_of_Canberra,,"601-650 ",,,,
"University of Canterbury",http://dbpedia.org/resource/University_of_Canterbury,301-350,"238 ",401-500,,494,
" University of Cape Town ",http://dbpedia.org/resource/University_of_Cape_Town,126,"145 ",201-300,217,231,350
"University of Central Florida",http://dbpedia.org/resource/University_of_Central_Florida,,,201-300,108,422,338
" University of Chicago ",http://dbpedia.org/resource/University_of_Chicago,9,"9 ",9,16,42,39
"University of Chile",http://dbpedia.org/resource/University_of_Chile,,"223 ",401-500,442,354,208
"University of Cincinnati",http://dbpedia.org/resource/University_of_Cincinnati,226-250,"461-470 ",201-300,134,163,248
"University of Coimbra",http://dbpedia.org/resource/University_of_Coimbra,,"358 ",401-500,426,345,277
"University of Koeln",http://dbpedia.org/resource/University_of_Cologne,,,151-200,225,,
" University of Colorado Boulder ",http://dbpedia.org/resource/University_of_Colorado,97,"160 ",,14,101,74
"University of Colorado at Boulder",http://dbpedia.org/resource/University_of_Colorado_at_Boulder,,,33,,,
"University of Colorado at Denver",http://dbpedia.org/resource/University_of_Colorado_Denver,,,201-300,104,269,478
"The University of Connecticut - Storrs",http://dbpedia.org/resource/University_of_Connecticut,301-350,"380 ",201-300,206,315,180
" University of Copenhagen ",http://dbpedia.org/resource/University_of_Copenhagen,150,"45 ",42,132,25,91
"Universidad de Costa Rica ",http://dbpedia.org/resource/University_of_Costa_Rica,,"461-470 ",,,,
"University of Duesseldorf",http://dbpedia.org/resource/University_of_Düsseldorf,,,201-300,,,241
" University of Delaware ",http://dbpedia.org/resource/University_of_Delaware,174,"451-460 ",151-200,129,313,152
"University of Delhi ",http://dbpedia.org/resource/University_of_Delhi,,"441-450 ",,,,
"University of Dublin Trinity College",http://dbpedia.org/resource/University_of_Dublin,,,,,282,
"University of Duisburg-Essen",http://dbpedia.org/resource/University_of_Duisburg-Essen,,"481-490 ",401-500,295,352,
" University of Dundee ",http://dbpedia.org/resource/University_of_Dundee,196,"219 ",201-300,79,319,464
" University of East Anglia ",http://dbpedia.org/resource/University_of_East_Anglia,174,"229 ",201-300,90,383,486
" University of Edinburgh ",http://dbpedia.org/resource/University_of_Edinburgh,39,"17 ",51,84,47,51
"University of Erlangen-Nuremberg",http://dbpedia.org/resource/University_of_Erlangen-Nuremberg,,,201-300,208,152,197
"University of Essex",http://dbpedia.org/resource/University_of_Essex,251-275,"338 ",401-500,,,
" University of Exeter ",http://dbpedia.org/resource/University_of_Exeter,148,"168 ",201-300,49,323,474
"University of Ferrara",http://dbpedia.org/resource/University_of_Ferrara,351-400,,401-500,351,438,
"University of Florence",http://dbpedia.org/resource/University_of_Florence,351-400,"379 ",201-300,343,182,346
" University of Florida ",http://dbpedia.org/resource/University_of_Florida,128,"179 ",71,228,37,26
"University of Freiburg",http://dbpedia.org/resource/University_of_Freiburg,,,100,122,,
" University of Fribourg ",http://dbpedia.org/resource/University_of_Fribourg,276-300,"102 ",,,168,467
"University of Goettingen",http://dbpedia.org/resource/University_of_Göttingen,,"128 ",101-150,234,,146
" University of Geneva ",http://dbpedia.org/resource/University_of_Geneva,124,"71 ",69,59,,
"University of Genova",http://dbpedia.org/resource/University_of_Genoa,,"451-460 ",301-400,439,291,489
"The University of Georgia",http://dbpedia.org/resource/University_of_Georgia,276-300,"411-420 ",101-150,194,190,61
"University of Giessen",http://dbpedia.org/resource/University_of_Giessen,,,301-400,,,
" University of Glasgow ",http://dbpedia.org/resource/University_of_Glasgow,117,"51 ",151-200,121,103,115
"University of Gothenburg",http://dbpedia.org/resource/University_of_Gothenburg,201-225,"205 ",151-200,242,179,163
"University of Granada",http://dbpedia.org/resource/University_of_Granada,,"501-550 ",301-400,375,250,181
"University of Graz",http://dbpedia.org/resource/University_of_Graz,,,401-500,,,
" University of Groningen ",http://dbpedia.org/resource/University_of_Groningen,98,"97 ",92,139,80,103
"Universidad de Guadalajara (UDG) ",http://dbpedia.org/resource/University_of_Guadalajara,,"601-650 ",,,,
"University of Guelph",http://dbpedia.org/resource/University_of_Guelph,351-400,"461-470 ",201-300,301,327,326
"University of Haifa",http://dbpedia.org/resource/University_of_Haifa,,,401-500,,,
"University of Halle-Wittenberg",http://dbpedia.org/resource/University_of_Halle-Wittenberg,,"601-650 ",301-400,384,,
"University of Hamburg",http://dbpedia.org/resource/University_of_Hamburg,,"186 ",151-200,196,242,86
"University of Hannover",http://dbpedia.org/resource/University_of_Hanover,,"451-460 ",401-500,296,,240
"University of Hawaii at Mañoa  ",http://dbpedia.org/resource/University_of_Hawaii,,"327 ",,165,,
" University of Helsinki ",http://dbpedia.org/resource/University_of_Helsinki,100,"69 ",76,275,59,45
" University of Hertfordshire ",http://dbpedia.org/resource/University_of_Hertfordshire,301-350,,,,,
" The University of Hong Kong ",http://dbpedia.org/resource/University_of_Hong_Kong,43,"26 ",201-300,180,155,79
"University of Houston",http://dbpedia.org/resource/University_of_Houston,301-350,"551-600 ",201-300,224,367,252
"University of Hull ",http://dbpedia.org/resource/University_of_Hull,,"501-550 ",,,,
" University of Iceland ",http://dbpedia.org/resource/University_of_Iceland,251-275,,,,493,499
"University of Idaho",http://dbpedia.org/resource/University_of_Idaho,,,401-500,,,
" University of Illinois at Chicago ",http://dbpedia.org/resource/University_of_Illinois_at_Chicago,191,"192 ",151-200,257,129,164
" University of Illinois at Urbana Champaign ",http://dbpedia.org/resource/University_of_Illinois_at_Urbana–Champaign,29,"56 ",25,67,,
"University of Indonesia ",http://dbpedia.org/resource/University_of_Indonesia,,"309 ",,,,
"University of Innsbruck",http://dbpedia.org/resource/University_of_Innsbruck,201-225,"289 ",201-300,,,281
" University of Iowa ",http://dbpedia.org/resource/University_of_Iowa,161,"236 ",101-150,191,123,78
"University of Jena",http://dbpedia.org/resource/University_of_Jena,,"363 ",401-500,260,245,298
"University of Johannesburg  ",http://dbpedia.org/resource/University_of_Johannesburg,,"601-650 ",,,,
"University of Jyvaskyla",http://dbpedia.org/resource/University_of_Jyväskylä,,"299 ",401-500,,,
"University of Kansas - Lawrence",http://dbpedia.org/resource/University_of_Kansas,276-300,"376 ",201-300,276,331,164
"University of Kent ",http://dbpedia.org/resource/University_of_Kent,,"411-420 ",,,,477
"University of Kentucky",http://dbpedia.org/resource/University_of_Kentucky,,"481-490 ",201-300,268,198,124
"University of Kiel",http://dbpedia.org/resource/University_of_Kiel,,"293 ",151-200,,255,
"University of Konstanz",http://dbpedia.org/resource/University_of_Konstanz,,"273 ",301-400,,,432
"University of KwaZulu-Natal",http://dbpedia.org/resource/University_of_KwaZulu-Natal,,"501-550 ",401-500,466,444,
"University of Lausanne",http://dbpedia.org/resource/University_of_Lausanne,,"111 ",201-300,68,221,252
" University of Leeds ",http://dbpedia.org/resource/University_of_Leeds,139,"97 ",151-200,148,138,176
" University of Leicester ",http://dbpedia.org/resource/University_of_Leicester,161,"202 ",201-300,239,232,377
"University of Leipzig",http://dbpedia.org/resource/University_of_Leipzig,,"311 ",201-300,342,243,168
"University of Liege",http://dbpedia.org/resource/University_of_Liège,,"240 ",201-300,288,,229
"University of Limerick ",http://dbpedia.org/resource/University_of_Limerick,,"501-550 ",,,,
"University of Lisbon",http://dbpedia.org/resource/University_of_Lisbon,,"551-600 ",301-400,420,362,
" University of Liverpool ",http://dbpedia.org/resource/University_of_Liverpool,169,"130 ",101-150,166,146,313
"University of Ljubljana",http://dbpedia.org/resource/University_of_Ljubljana,,"551-600 ",401-500,455,284,205
"University of Louisville",http://dbpedia.org/resource/University_of_Louisville,,,,264,363,386
"University of Muenster",http://dbpedia.org/resource/University_of_Münster,,,101-150,144,,
"University of Mainz",http://dbpedia.org/resource/University_of_Mainz,,,151-200,,,
"University of Malaya",http://dbpedia.org/resource/University_of_Malaya,,"167 ",401-500,464,,
" University of Manchester ",http://dbpedia.org/resource/University_of_Manchester,58,"33 ",41,193,40,158
"University of Manitoba",http://dbpedia.org/resource/University_of_Manitoba,301-350,"431-440 ",301-400,312,272,287
"Universität Mannheim ",http://dbpedia.org/resource/University_of_Mannheim,,"281 ",,,,
"University of Marburg",http://dbpedia.org/resource/University_of_Marburg,,"431-440 ",201-300,226,317,262
"University of Maryland, Baltimore","http://dbpedia.org/resource/University_of_Maryland,_Baltimore",,,151-200,149,134,
"University of Maryland, Baltimore County","http://dbpedia.org/resource/University_of_Maryland,_Baltimore_County",351-400,,401-500,,,434
" University of Maryland, College Park ","http://dbpedia.org/resource/University_of_Maryland,_College_Park",108,"116 ",38,51,,
" University of Massachusetts ",http://dbpedia.org/resource/University_of_Massachusetts,132,,,,,
"University of Massachusetts Amherst",http://dbpedia.org/resource/University_of_Massachusetts_Amherst,,"261 ",101-150,42,210,80
"University of Massachusetts Boston",http://dbpedia.org/resource/University_of_Massachusetts_Boston,,,,,468,
"University of Massachusetts Medical School - Worcester",http://dbpedia.org/resource/University_of_Massachusetts_Medical_School,,,101-150,20,,
"University of Medicine and Dentistry of New Jersey",http://dbpedia.org/resource/University_of_Medicine_and_Dentistry_of_New_Jersey,,,,235,,
" University of Melbourne ",http://dbpedia.org/resource/University_of_Melbourne,34,"31 ",54,100,33,82
" University of Miami ",http://dbpedia.org/resource/University_of_Miami,185,"232 ",151-200,187,120,109
" University of Michigan ",http://dbpedia.org/resource/University_of_Michigan,18,"22 ",23,40,8,5
"University of Milan",http://dbpedia.org/resource/University_of_Milan,276-300,,151-200,294,95,193
" University of Minnesota ",http://dbpedia.org/resource/University_of_Minnesota,46,"102 ",29,61,35,9
"University of Mississippi ",http://dbpedia.org/resource/University_of_Mississippi,,"317 ",,413,397,
"University of Missouri - Columbia",http://dbpedia.org/resource/University_of_Missouri,301-350,"421-430 ",201-300,233,248,121
"University of Montpellier 2",http://dbpedia.org/resource/University_of_Montpellier,,"471-480 ",201-300,229,262,
"University of Mumbai ",http://dbpedia.org/resource/University_of_Mumbai,,"601-650 ",,,,
"University of Naples Federico II",http://dbpedia.org/resource/University_of_Naples_Federico_II,,"397 ",301-400,428,107,312
"University of Nebraska - Lincoln",http://dbpedia.org/resource/University_of_Nebraska–Lincoln,251-275,"491-500 ",201-300,274,312,89
"University of Nebraska Medical Center",http://dbpedia.org/resource/University_of_Nebraska_Medical_Center,,,401-500,,446,
"University of Nevada las Vegas","http://dbpedia.org/resource/University_of_Nevada,_Las_Vegas",,,,,,410
"University of Nevada Reno","http://dbpedia.org/resource/University_of_Nevada,_Reno",,,,,,460
"University of New Hampshire - Durham",http://dbpedia.org/resource/University_of_New_Hampshire,,"551-600 ",401-500,,,362
"The University of New Mexico - Albuquerque",http://dbpedia.org/resource/University_of_New_Mexico,,"421-430 ",201-300,161,228,188
" University of New South Wales ",http://dbpedia.org/resource/University_of_New_South_Wales,114,"52 ",101-150,215,90,96
" University of North Carolina at Chapel Hill ",http://dbpedia.org/resource/University_of_North_Carolina_at_Chapel_Hill,47,"54 ",43,38,31,36
"University of North Texas",http://dbpedia.org/resource/University_of_North_Texas,,,,,,239
" University of Notre Dame ",http://dbpedia.org/resource/University_of_Notre_Dame,90,"224 ",201-300,120,308,189
" University of Nottingham ",http://dbpedia.org/resource/University_of_Nottingham,157,"75 ",83,128,117,119
"University of Oklahoma - Norman",http://dbpedia.org/resource/University_of_Oklahoma,351-400,"481-490 ",301-400,350,403,214
"University of Oregon",http://dbpedia.org/resource/University_of_Oregon,,"551-600 ",201-300,,443,150
" University of Oslo ",http://dbpedia.org/resource/University_of_Oslo,185,"89 ",69,279,89,73
"University of Otago",http://dbpedia.org/resource/University_of_Otago,226-250,"155 ",201-300,251,271,468
" University of Ottawa ",http://dbpedia.org/resource/University_of_Ottawa,185,"227 ",201-300,189,171,
"University of Oulu",http://dbpedia.org/resource/University_of_Oulu,,"253 ",301-400,378,346,413
"University of Oviedo",http://dbpedia.org/resource/University_of_Oviedo,,,,409,428,455
" University of Oxford ",http://dbpedia.org/resource/University_of_Oxford,2,"6 ",10,30,6,17
"University of Padua",http://dbpedia.org/resource/University_of_Padua,301-350,"267 ",151-200,347,92,201
"University of Palermo",http://dbpedia.org/resource/University_of_Palermo,,,401-500,458,433,
"University of Paris Sud (Paris 11)",http://dbpedia.org/resource/University_of_Paris,,,39,,,
"Université Paris 1 Panthéon-Sorbonne  ",http://dbpedia.org/resource/University_of_Paris_1_Pantheon-Sorbonne,,"225 ",,,,
"University of Parma",http://dbpedia.org/resource/University_of_Parma,,,,318,449,
"University of Patras ",http://dbpedia.org/resource/University_of_Patras,,"601-650 ",,401,,
"University of Pavia",http://dbpedia.org/resource/University_of_Pavia,251-275,,401-500,369,289,
" University of Pennsylvania ",http://dbpedia.org/resource/University_of_Pennsylvania,16,"13 ",15,18,13,10
"University of Perugia",http://dbpedia.org/resource/University_of_Perugia,,,301-400,360,320,
"University of Pisa",http://dbpedia.org/resource/University_of_Pisa,301-350,"259 ",101-150,381,193,
" University of Pittsburgh ",http://dbpedia.org/resource/University_of_Pittsburgh,78,"106 ",61,65,22,40
" Plymouth University ",http://dbpedia.org/resource/University_of_Plymouth,276-300,,,,,
"University of Porto",http://dbpedia.org/resource/University_of_Porto,351-400,"343 ",301-400,391,219,125
" University of Portsmouth ",http://dbpedia.org/resource/University_of_Portsmouth,351-400,,,,,
"Universitat Potsdam",http://dbpedia.org/resource/University_of_Potsdam,,,,,492,428
"University of Pretoria ",http://dbpedia.org/resource/University_of_Pretoria,,"471-480 ",,470,473,444
" University of Queensland Australia ",http://dbpedia.org/resource/University_of_Queensland,63,"43 ",85,118,52,98
" University of Reading ",http://dbpedia.org/resource/University_of_Reading,194,"213 ",301-400,115,420,444
"University of Regensburg",http://dbpedia.org/resource/University_of_Regensburg,,"401-410 ",301-400,157,307,265
"University of Rhode Island",http://dbpedia.org/resource/University_of_Rhode_Island,,,301-400,,,485
" University of Rochester ",http://dbpedia.org/resource/University_of_Rochester,95,"151 ",90,72,116,84
"University of Rostock",http://dbpedia.org/resource/University_of_Rostock,,,,379,421,
"University of Sao Paulo",http://dbpedia.org/resource/University_of_São_Paulo,,"127 ",101-150,471,29,29
"University of Salamanca ",http://dbpedia.org/resource/University_of_Salamanca,,"441-450 ",,,,249
"Paris Lodron University of Salzburg ",http://dbpedia.org/resource/University_of_Salzburg,,"601-650 ",,,,
"Universidade de Santiago de Compostela ",http://dbpedia.org/resource/University_of_Santiago_de_Compostela,,"501-550 ",,317,351,389
"University of Saskatchewan",http://dbpedia.org/resource/University_of_Saskatchewan,,"421-430 ",201-300,425,348,308
"University of Science and Technology of China",http://dbpedia.org/resource/University_of_Science_and_Technology_of_China,201-225,"174 ",201-300,89,136,224
"Universidad de Sevilla ",http://dbpedia.org/resource/University_of_Seville,,"551-600 ",,402,369,207
" University of Sheffield ",http://dbpedia.org/resource/University_of_Sheffield,112,"71 ",101-150,145,133,
"University of Siena ",http://dbpedia.org/resource/University_of_Siena,,"501-550 ",,448,375,
" University of Southampton ",http://dbpedia.org/resource/University_of_Southampton,146,"86 ",151-200,179,124,
" University of Southern California ",http://dbpedia.org/resource/University_of_Southern_California,70,"125 ",47,52,70,49
"University of Southern Denmark",http://dbpedia.org/resource/University_of_Southern_Denmark,276-300,"311 ",201-300,195,239,425
" University of South Australia ",http://dbpedia.org/resource/University_of_South_Australia,301-350,"341 ",,,,
"University of South Carolina - Columbia",http://dbpedia.org/resource/University_of_South_Carolina,251-275,"551-600 ",301-400,146,309,174
"University of South Florida at Tampa",http://dbpedia.org/resource/University_of_South_Florida,,,,230,,
" University of Stirling ",http://dbpedia.org/resource/University_of_Stirling,351-400,"501-550 ",,,,
"University of Strasbourg",http://dbpedia.org/resource/University_of_Strasbourg,201-225,"226 ",97,192,,
"University of Strathclyde ",http://dbpedia.org/resource/University_of_Strathclyde,,"257 ",,308,401,430
"University of Stuttgart",http://dbpedia.org/resource/University_of_Stuttgart,,"248 ",201-300,109,388,232
" University of St Andrews ",http://dbpedia.org/resource/University_of_St_Andrews,117,"83 ",201-300,47,305,381
"University of Surrey",http://dbpedia.org/resource/University_of_Surrey,351-400,"284 ",401-500,376,498,451
" University of Sussex ",http://dbpedia.org/resource/University_of_Sussex,121,"193 ",101-150,163,398,406
" University of Sydney ",http://dbpedia.org/resource/University_of_Sydney,72,"38 ",97,240,39,331
"University of Szeged",http://dbpedia.org/resource/University_of_Szeged,,"501-550 ",401-500,,,
"University of Tuebingen",http://dbpedia.org/resource/University_of_Tübingen,,,151-200,201,,
" University of Tampere ",http://dbpedia.org/resource/University_of_Tampere,301-350,"376 ",,,441,496
" University of Tartu ",http://dbpedia.org/resource/University_of_Tartu,351-400,"461-470 ",,,,376
"University of Tasmania",http://dbpedia.org/resource/University_of_Tasmania,351-400,"401-410 ",301-400,338,440,333
"University of Technology, Sydney","http://dbpedia.org/resource/University_of_Technology,_Sydney",301-350,"272 ",401-500,,,366
"University of Tehran",http://dbpedia.org/resource/University_of_Tehran,,"601-650 ",401-500,454,330,398
"University of Tennessee ",http://dbpedia.org/resource/University_of_Tennessee,,"390 ",,243,220,187
" University of Texas at Austin ",http://dbpedia.org/resource/University_of_Texas_at_Austin,27,"71 ",36,39,67,500
" The University of Texas at Dallas ",http://dbpedia.org/resource/University_of_Texas_at_Dallas,188,"366 ",301-400,,,
"The University of Texas Medical Branch at Galveston",http://dbpedia.org/resource/University_of_Texas_Medical_Branch,,,401-500,258,459,
"University of the Basque Country",http://dbpedia.org/resource/University_of_the_Basque_Country,,,401-500,411,,148
"University of the Witwatersrand",http://dbpedia.org/resource/University_of_the_Witwatersrand,226-250,"313 ",301-400,415,339,
" The University of Tokyo ",http://dbpedia.org/resource/University_of_Tokyo,23,"32 ",21,330,11,53
"Université Paul Sabatier Toulouse III ",http://dbpedia.org/resource/University_of_Toulouse,,"390 ",,,,
" University of Trento ",http://dbpedia.org/resource/University_of_Trento,201-225,"441-450 ",,,,
"(2) Universität Trier",http://dbpedia.org/resource/University_of_Trier,,,,,,489
" University of Trieste ",http://dbpedia.org/resource/University_of_Trieste,226-250,"501-550 ",,324,379,
"University of Tromso",http://dbpedia.org/resource/University_of_Tromsø,351-400,"306 ",401-500,,469,367
"University of Tsukuba",http://dbpedia.org/resource/University_of_Tsukuba,301-350,"210 ",151-200,463,223,301
"University of Turin",http://dbpedia.org/resource/University_of_Turin,226-250,"399 ",201-300,314,149,262
"University of Turku",http://dbpedia.org/resource/University_of_Turku,,"205 ",301-400,341,283,470
" University of Twente ",http://dbpedia.org/resource/University_of_Twente,170,"228 ",301-400,111,364,
"University of Ulm",http://dbpedia.org/resource/University_of_Ulm,201-225,"258 ",301-400,204,277,372
"University of Ulster ",http://dbpedia.org/resource/University_of_Ulster,,"601-650 ",,,,
" University of Utah ",http://dbpedia.org/resource/University_of_Utah,143,"271 ",85,92,96,55
"University of Valencia",http://dbpedia.org/resource/University_of_Valencia,351-400,"471-480 ",301-400,336,189,156
"University of Vermont",http://dbpedia.org/resource/University_of_Vermont,301-350,"501-550 ",301-400,319,416,272
"University of Victoria",http://dbpedia.org/resource/University_of_Victoria,201-225,"321 ",301-400,202,340,199
" University of Vienna ",http://dbpedia.org/resource/University_of_Vienna,170,"158 ",151-200,249,184,65
" University of Virginia ",http://dbpedia.org/resource/University_of_Virginia,112,"132 ",101-150,102,112,46
"University of Wuerzburg",http://dbpedia.org/resource/University_of_Würzburg,,,151-200,93,,316
" University of Waikato ",http://dbpedia.org/resource/University_of_Waikato,301-350,"401-410 ",,,,
"University of Warsaw",http://dbpedia.org/resource/University_of_Warsaw,301-350,"338 ",301-400,433,,335
" University of Warwick ",http://dbpedia.org/resource/University_of_Warwick,141,"64 ",151-200,87,215,190
" University of Washington ",http://dbpedia.org/resource/University_of_Washington,25,"59 ",16,27,7,7
"University of Waterloo",http://dbpedia.org/resource/University_of_Waterloo,226-250,"180 ",151-200,231,199,150
" University of Western Australia ",http://dbpedia.org/resource/University_of_Western_Australia,168,"84 ",91,286,137,297
" University of Wisconsin-Madison ",http://dbpedia.org/resource/University_of_Wisconsin–Madison,30,"37 ",19,54,23,12
"University of Wollongong",http://dbpedia.org/resource/University_of_Wollongong,276-300,"276 ",301-400,186,424,342
"University of Wyoming",http://dbpedia.org/resource/University_of_Wyoming,351-400,,401-500,,,
" University of York ",http://dbpedia.org/resource/University_of_York,100,"114 ",201-300,107,244,290
"University of Zagreb",http://dbpedia.org/resource/University_of_Zagreb,,"601-650 ",401-500,482,356,
"University of Zurich ",http://dbpedia.org/resource/University_of_Zurich,,"78 ",60,70,57,
" Uppsala University ",http://dbpedia.org/resource/Uppsala_University,111,"79 ",73,256,76,
"Utah State University",http://dbpedia.org/resource/Utah_State_University,,,401-500,,,243
" Utrecht University ",http://dbpedia.org/resource/Utrecht_University,74,"81 ",52,64,43,
" Vanderbilt University ",http://dbpedia.org/resource/Vanderbilt_University,88,"181 ",49,81,65,64
"Victoria University of Wellington",http://dbpedia.org/resource/Victoria_University_of_Wellington,276-300,"265 ",401-500,,,
" Vienna University of Technology ",http://dbpedia.org/resource/Vienna_University_of_Technology,226-250,"264 ",401-500,291,374,209
"Virginia Commonwealth University",http://dbpedia.org/resource/Virginia_Commonwealth_University,,"551-600 ",151-200,185,261,282
"Virginia Polytechnic Institute and State University",http://dbpedia.org/resource/Virginia_Polytechnic_Institute_and_State_University,276-300,"316 ",151-200,213,230,54
" VU University Amsterdam ",http://dbpedia.org/resource/Vrije_Universiteit,144,"181 ",101-150,83,115,175
"Vrije University Brussel",http://dbpedia.org/resource/Vrije_Universiteit_Brussel,251-275,"172 ",301-400,289,,
" Wake Forest University ",http://dbpedia.org/resource/Wake_Forest_University,180,"329 ",301-400,203,316,369
"Warsaw University of Technology ",http://dbpedia.org/resource/Warsaw_University_of_Technology,,"601-650 ",,,,
"Waseda University",http://dbpedia.org/resource/Waseda_University,,"220 ",301-400,460,381,
"Washington State University - Pullman",http://dbpedia.org/resource/Washington_State_University,301-350,"366 ",201-300,271,373,127
" Washington University in St Louis ",http://dbpedia.org/resource/Washington_University_in_St._Louis,42,"86 ",32,22,30,63
"Wayne State University",http://dbpedia.org/resource/Wayne_State_University,301-350,,301-400,285,203,222
"Weizmann Institute of Science",http://dbpedia.org/resource/Weizmann_Institute_of_Science,,,92,23,218,326
"West Virginia University",http://dbpedia.org/resource/West_Virginia_University,,,,320,490,305
" William & Mary ",http://dbpedia.org/resource/William_and_Mary,201-225,,,,,
"Wuhan University",http://dbpedia.org/resource/Wuhan_University,,"401-410 ",401-500,262,233,122
" Yale University ",http://dbpedia.org/resource/Yale_University,11,"8 ",11,10,18,16
" Yeshiva University ",http://dbpedia.org/resource/Yeshiva_University,172,"269 ",201-300,98,216,
" Yonsei University ",http://dbpedia.org/resource/Yonsei_University,190,"114 ",201-300,416,108,
"York University",http://dbpedia.org/resource/York_University,276-300,"401-410 ",401-500,255,358,136
